id,name,domain,metric_type,frontier_class,direction,unit,year,value,source_name,source_url,provenance_note
genome_cost,Cost of sequencing a full human genome,biotech,cost-efficiency,frontier,lower_better,USD per genome,2001,95263072,NHGRI,https://www.genome.gov/about-genomics/fact-sheets/DNA-Sequencing-Costs-Data,NHGRI sequencing cost tracking (seed points).
genome_cost,Cost of sequencing a full human genome,biotech,cost-efficiency,frontier,lower_better,USD per genome,2003,50500000,NHGRI,https://www.genome.gov/about-genomics/fact-sheets/DNA-Sequencing-Costs-Data,NHGRI sequencing cost tracking (seed points).
genome_cost,Cost of sequencing a full human genome,biotech,cost-efficiency,frontier,lower_better,USD per genome,2005,20000000,NHGRI,https://www.genome.gov/about-genomics/fact-sheets/DNA-Sequencing-Costs-Data,NHGRI sequencing cost tracking (seed points).
genome_cost,Cost of sequencing a full human genome,biotech,cost-efficiency,frontier,lower_better,USD per genome,2007,10000000,NHGRI,https://www.genome.gov/about-genomics/fact-sheets/DNA-Sequencing-Costs-Data,NHGRI sequencing cost tracking (seed points).
genome_cost,Cost of sequencing a full human genome,biotech,cost-efficiency,frontier,lower_better,USD per genome,2008,1400000,NHGRI,https://www.genome.gov/about-genomics/fact-sheets/DNA-Sequencing-Costs-Data,NHGRI sequencing cost tracking (seed points).
genome_cost,Cost of sequencing a full human genome,biotech,cost-efficiency,frontier,lower_better,USD per genome,2010,50000,NHGRI,https://www.genome.gov/about-genomics/fact-sheets/DNA-Sequencing-Costs-Data,NHGRI sequencing cost tracking (seed points).
genome_cost,Cost of sequencing a full human genome,biotech,cost-efficiency,frontier,lower_better,USD per genome,2012,7000,NHGRI,https://www.genome.gov/about-genomics/fact-sheets/DNA-Sequencing-Costs-Data,NHGRI sequencing cost tracking (seed points).
genome_cost,Cost of sequencing a full human genome,biotech,cost-efficiency,frontier,lower_better,USD per genome,2014,1400,NHGRI,https://www.genome.gov/about-genomics/fact-sheets/DNA-Sequencing-Costs-Data,NHGRI sequencing cost tracking (seed points).
genome_cost,Cost of sequencing a full human genome,biotech,cost-efficiency,frontier,lower_better,USD per genome,2016,1000,NHGRI,https://www.genome.gov/about-genomics/fact-sheets/DNA-Sequencing-Costs-Data,NHGRI sequencing cost tracking (seed points).
genome_cost,Cost of sequencing a full human genome,biotech,cost-efficiency,frontier,lower_better,USD per genome,2018,900,NHGRI,https://www.genome.gov/about-genomics/fact-sheets/DNA-Sequencing-Costs-Data,NHGRI sequencing cost tracking (seed points).
genome_cost,Cost of sequencing a full human genome,biotech,cost-efficiency,frontier,lower_better,USD per genome,2020,700,NHGRI,https://www.genome.gov/about-genomics/fact-sheets/DNA-Sequencing-Costs-Data,NHGRI sequencing cost tracking (seed points).
genome_cost,Cost of sequencing a full human genome,biotech,cost-efficiency,frontier,lower_better,USD per genome,2022,600,NHGRI,https://www.genome.gov/about-genomics/fact-sheets/DNA-Sequencing-Costs-Data,NHGRI sequencing cost tracking (seed points).
gpu_perf_per_dollar,GPU computational performance per dollar,compute-hardware,cost-efficiency,frontier,higher_better,TFLOPS per $1000,2010,0.4,Our World in Data,https://ourworldindata.org/grapher/gpu-computational-performance-per-dollar,Frontier GPU performance-per-dollar (seed points).
gpu_perf_per_dollar,GPU computational performance per dollar,compute-hardware,cost-efficiency,frontier,higher_better,TFLOPS per $1000,2012,0.9,Our World in Data,https://ourworldindata.org/grapher/gpu-computational-performance-per-dollar,Frontier GPU performance-per-dollar (seed points).
gpu_perf_per_dollar,GPU computational performance per dollar,compute-hardware,cost-efficiency,frontier,higher_better,TFLOPS per $1000,2014,1.8,Our World in Data,https://ourworldindata.org/grapher/gpu-computational-performance-per-dollar,Frontier GPU performance-per-dollar (seed points).
gpu_perf_per_dollar,GPU computational performance per dollar,compute-hardware,cost-efficiency,frontier,higher_better,TFLOPS per $1000,2016,3.4,Our World in Data,https://ourworldindata.org/grapher/gpu-computational-performance-per-dollar,Frontier GPU performance-per-dollar (seed points).
gpu_perf_per_dollar,GPU computational performance per dollar,compute-hardware,cost-efficiency,frontier,higher_better,TFLOPS per $1000,2018,6.8,Our World in Data,https://ourworldindata.org/grapher/gpu-computational-performance-per-dollar,Frontier GPU performance-per-dollar (seed points).
gpu_perf_per_dollar,GPU computational performance per dollar,compute-hardware,cost-efficiency,frontier,higher_better,TFLOPS per $1000,2020,12,Our World in Data,https://ourworldindata.org/grapher/gpu-computational-performance-per-dollar,Frontier GPU performance-per-dollar (seed points).
gpu_perf_per_dollar,GPU computational performance per dollar,compute-hardware,cost-efficiency,frontier,higher_better,TFLOPS per $1000,2022,20,Our World in Data,https://ourworldindata.org/grapher/gpu-computational-performance-per-dollar,Frontier GPU performance-per-dollar (seed points).
gpu_perf_per_dollar,GPU computational performance per dollar,compute-hardware,cost-efficiency,frontier,higher_better,TFLOPS per $1000,2024,28,Our World in Data,https://ourworldindata.org/grapher/gpu-computational-performance-per-dollar,Frontier GPU performance-per-dollar (seed points).
green500_perf_per_watt,Top supercomputer performance per watt,compute-hardware,energy-efficiency,frontier,higher_better,GFLOPS per watt,2008,0.35,TOP500 / Green500,https://www.top500.org/lists/green500/,Frontier energy efficiency from Green500 (seed points).
green500_perf_per_watt,Top supercomputer performance per watt,compute-hardware,energy-efficiency,frontier,higher_better,GFLOPS per watt,2010,0.75,TOP500 / Green500,https://www.top500.org/lists/green500/,Frontier energy efficiency from Green500 (seed points).
green500_perf_per_watt,Top supercomputer performance per watt,compute-hardware,energy-efficiency,frontier,higher_better,GFLOPS per watt,2012,2,TOP500 / Green500,https://www.top500.org/lists/green500/,Frontier energy efficiency from Green500 (seed points).
green500_perf_per_watt,Top supercomputer performance per watt,compute-hardware,energy-efficiency,frontier,higher_better,GFLOPS per watt,2014,4,TOP500 / Green500,https://www.top500.org/lists/green500/,Frontier energy efficiency from Green500 (seed points).
green500_perf_per_watt,Top supercomputer performance per watt,compute-hardware,energy-efficiency,frontier,higher_better,GFLOPS per watt,2016,14,TOP500 / Green500,https://www.top500.org/lists/green500/,Frontier energy efficiency from Green500 (seed points).
green500_perf_per_watt,Top supercomputer performance per watt,compute-hardware,energy-efficiency,frontier,higher_better,GFLOPS per watt,2018,17,TOP500 / Green500,https://www.top500.org/lists/green500/,Frontier energy efficiency from Green500 (seed points).
green500_perf_per_watt,Top supercomputer performance per watt,compute-hardware,energy-efficiency,frontier,higher_better,GFLOPS per watt,2020,26,TOP500 / Green500,https://www.top500.org/lists/green500/,Frontier energy efficiency from Green500 (seed points).
green500_perf_per_watt,Top supercomputer performance per watt,compute-hardware,energy-efficiency,frontier,higher_better,GFLOPS per watt,2022,52,TOP500 / Green500,https://www.top500.org/lists/green500/,Frontier energy efficiency from Green500 (seed points).
green500_perf_per_watt,Top supercomputer performance per watt,compute-hardware,energy-efficiency,frontier,higher_better,GFLOPS per watt,2024,72,TOP500 / Green500,https://www.top500.org/lists/green500/,Frontier energy efficiency from Green500 (seed points).
hdd_cost_per_gb,Hard-drive storage cost,compute-storage,cost-efficiency,average,lower_better,USD per GB,1956,87539016000.0,Our World in Data,https://ourworldindata.org/grapher/historical-cost-of-computer-memory-and-storage,Auto-ingested from OWID grapher slug 'historical-cost-of-computer-memory-and-storage' filtered to Entity=World.
hdd_cost_per_gb,Hard-drive storage cost,compute-storage,cost-efficiency,average,lower_better,USD per GB,1959,67593253000.0,Our World in Data,https://ourworldindata.org/grapher/historical-cost-of-computer-memory-and-storage,Auto-ingested from OWID grapher slug 'historical-cost-of-computer-memory-and-storage' filtered to Entity=World.
hdd_cost_per_gb,Hard-drive storage cost,compute-storage,cost-efficiency,average,lower_better,USD per GB,1960,31477012000.0,Our World in Data,https://ourworldindata.org/grapher/historical-cost-of-computer-memory-and-storage,Auto-ingested from OWID grapher slug 'historical-cost-of-computer-memory-and-storage' filtered to Entity=World.
hdd_cost_per_gb,Hard-drive storage cost,compute-storage,cost-efficiency,average,lower_better,USD per GB,1964,29376050000.0,Our World in Data,https://ourworldindata.org/grapher/historical-cost-of-computer-memory-and-storage,Auto-ingested from OWID grapher slug 'historical-cost-of-computer-memory-and-storage' filtered to Entity=World.
hdd_cost_per_gb,Hard-drive storage cost,compute-storage,cost-efficiency,average,lower_better,USD per GB,1966,8365506600.0,Our World in Data,https://ourworldindata.org/grapher/historical-cost-of-computer-memory-and-storage,Auto-ingested from OWID grapher slug 'historical-cost-of-computer-memory-and-storage' filtered to Entity=World.
hdd_cost_per_gb,Hard-drive storage cost,compute-storage,cost-efficiency,average,lower_better,USD per GB,1970,1732299500.0,Our World in Data,https://ourworldindata.org/grapher/historical-cost-of-computer-memory-and-storage,Auto-ingested from OWID grapher slug 'historical-cost-of-computer-memory-and-storage' filtered to Entity=World.
hdd_cost_per_gb,Hard-drive storage cost,compute-storage,cost-efficiency,average,lower_better,USD per GB,1973,1513811200.0,Our World in Data,https://ourworldindata.org/grapher/historical-cost-of-computer-memory-and-storage,Auto-ingested from OWID grapher slug 'historical-cost-of-computer-memory-and-storage' filtered to Entity=World.
hdd_cost_per_gb,Hard-drive storage cost,compute-storage,cost-efficiency,average,lower_better,USD per GB,1974,971197500.0,Our World in Data,https://ourworldindata.org/grapher/historical-cost-of-computer-memory-and-storage,Auto-ingested from OWID grapher slug 'historical-cost-of-computer-memory-and-storage' filtered to Entity=World.
hdd_cost_per_gb,Hard-drive storage cost,compute-storage,cost-efficiency,average,lower_better,USD per GB,1975,889963500.0,Our World in Data,https://ourworldindata.org/grapher/historical-cost-of-computer-memory-and-storage,Auto-ingested from OWID grapher slug 'historical-cost-of-computer-memory-and-storage' filtered to Entity=World.
hdd_cost_per_gb,Hard-drive storage cost,compute-storage,cost-efficiency,average,lower_better,USD per GB,1979,659504640.0,Our World in Data,https://ourworldindata.org/grapher/historical-cost-of-computer-memory-and-storage,Auto-ingested from OWID grapher slug 'historical-cost-of-computer-memory-and-storage' filtered to Entity=World.
hdd_cost_per_gb,Hard-drive storage cost,compute-storage,cost-efficiency,average,lower_better,USD per GB,1980,581068400.0,Our World in Data,https://ourworldindata.org/grapher/historical-cost-of-computer-memory-and-storage,Auto-ingested from OWID grapher slug 'historical-cost-of-computer-memory-and-storage' filtered to Entity=World.
hdd_cost_per_gb,Hard-drive storage cost,compute-storage,cost-efficiency,average,lower_better,USD per GB,1981,526733060.0,Our World in Data,https://ourworldindata.org/grapher/historical-cost-of-computer-memory-and-storage,Auto-ingested from OWID grapher slug 'historical-cost-of-computer-memory-and-storage' filtered to Entity=World.
hdd_cost_per_gb,Hard-drive storage cost,compute-storage,cost-efficiency,average,lower_better,USD per GB,1982,496166180.0,Our World in Data,https://ourworldindata.org/grapher/historical-cost-of-computer-memory-and-storage,Auto-ingested from OWID grapher slug 'historical-cost-of-computer-memory-and-storage' filtered to Entity=World.
hdd_cost_per_gb,Hard-drive storage cost,compute-storage,cost-efficiency,average,lower_better,USD per GB,1983,311560640.0,Our World in Data,https://ourworldindata.org/grapher/historical-cost-of-computer-memory-and-storage,Auto-ingested from OWID grapher slug 'historical-cost-of-computer-memory-and-storage' filtered to Entity=World.
hdd_cost_per_gb,Hard-drive storage cost,compute-storage,cost-efficiency,average,lower_better,USD per GB,1984,93411096.0,Our World in Data,https://ourworldindata.org/grapher/historical-cost-of-computer-memory-and-storage,Auto-ingested from OWID grapher slug 'historical-cost-of-computer-memory-and-storage' filtered to Entity=World.
hdd_cost_per_gb,Hard-drive storage cost,compute-storage,cost-efficiency,average,lower_better,USD per GB,1985,75509450.0,Our World in Data,https://ourworldindata.org/grapher/historical-cost-of-computer-memory-and-storage,Auto-ingested from OWID grapher slug 'historical-cost-of-computer-memory-and-storage' filtered to Entity=World.
hdd_cost_per_gb,Hard-drive storage cost,compute-storage,cost-efficiency,average,lower_better,USD per GB,1986,43568096.0,Our World in Data,https://ourworldindata.org/grapher/historical-cost-of-computer-memory-and-storage,Auto-ingested from OWID grapher slug 'historical-cost-of-computer-memory-and-storage' filtered to Entity=World.
hdd_cost_per_gb,Hard-drive storage cost,compute-storage,cost-efficiency,average,lower_better,USD per GB,1987,34098050.0,Our World in Data,https://ourworldindata.org/grapher/historical-cost-of-computer-memory-and-storage,Auto-ingested from OWID grapher slug 'historical-cost-of-computer-memory-and-storage' filtered to Entity=World.
hdd_cost_per_gb,Hard-drive storage cost,compute-storage,cost-efficiency,average,lower_better,USD per GB,1988,21804590.0,Our World in Data,https://ourworldindata.org/grapher/historical-cost-of-computer-memory-and-storage,Auto-ingested from OWID grapher slug 'historical-cost-of-computer-memory-and-storage' filtered to Entity=World.
hdd_cost_per_gb,Hard-drive storage cost,compute-storage,cost-efficiency,average,lower_better,USD per GB,1989,15619105.0,Our World in Data,https://ourworldindata.org/grapher/historical-cost-of-computer-memory-and-storage,Auto-ingested from OWID grapher slug 'historical-cost-of-computer-memory-and-storage' filtered to Entity=World.
hdd_cost_per_gb,Hard-drive storage cost,compute-storage,cost-efficiency,average,lower_better,USD per GB,1990,6473702.5,Our World in Data,https://ourworldindata.org/grapher/historical-cost-of-computer-memory-and-storage,Auto-ingested from OWID grapher slug 'historical-cost-of-computer-memory-and-storage' filtered to Entity=World.
hdd_cost_per_gb,Hard-drive storage cost,compute-storage,cost-efficiency,average,lower_better,USD per GB,1991,5305435.5,Our World in Data,https://ourworldindata.org/grapher/historical-cost-of-computer-memory-and-storage,Auto-ingested from OWID grapher slug 'historical-cost-of-computer-memory-and-storage' filtered to Entity=World.
hdd_cost_per_gb,Hard-drive storage cost,compute-storage,cost-efficiency,average,lower_better,USD per GB,1992,2581653.8,Our World in Data,https://ourworldindata.org/grapher/historical-cost-of-computer-memory-and-storage,Auto-ingested from OWID grapher slug 'historical-cost-of-computer-memory-and-storage' filtered to Entity=World.
hdd_cost_per_gb,Hard-drive storage cost,compute-storage,cost-efficiency,average,lower_better,USD per GB,1993,1285597.1,Our World in Data,https://ourworldindata.org/grapher/historical-cost-of-computer-memory-and-storage,Auto-ingested from OWID grapher slug 'historical-cost-of-computer-memory-and-storage' filtered to Entity=World.
hdd_cost_per_gb,Hard-drive storage cost,compute-storage,cost-efficiency,average,lower_better,USD per GB,1994,756563.3,Our World in Data,https://ourworldindata.org/grapher/historical-cost-of-computer-memory-and-storage,Auto-ingested from OWID grapher slug 'historical-cost-of-computer-memory-and-storage' filtered to Entity=World.
hdd_cost_per_gb,Hard-drive storage cost,compute-storage,cost-efficiency,average,lower_better,USD per GB,1995,363161.03,Our World in Data,https://ourworldindata.org/grapher/historical-cost-of-computer-memory-and-storage,Auto-ingested from OWID grapher slug 'historical-cost-of-computer-memory-and-storage' filtered to Entity=World.
hdd_cost_per_gb,Hard-drive storage cost,compute-storage,cost-efficiency,average,lower_better,USD per GB,1996,210479.83,Our World in Data,https://ourworldindata.org/grapher/historical-cost-of-computer-memory-and-storage,Auto-ingested from OWID grapher slug 'historical-cost-of-computer-memory-and-storage' filtered to Entity=World.
hdd_cost_per_gb,Hard-drive storage cost,compute-storage,cost-efficiency,average,lower_better,USD per GB,1997,78025.63,Our World in Data,https://ourworldindata.org/grapher/historical-cost-of-computer-memory-and-storage,Auto-ingested from OWID grapher slug 'historical-cost-of-computer-memory-and-storage' filtered to Entity=World.
hdd_cost_per_gb,Hard-drive storage cost,compute-storage,cost-efficiency,average,lower_better,USD per GB,1998,39446.848,Our World in Data,https://ourworldindata.org/grapher/historical-cost-of-computer-memory-and-storage,Auto-ingested from OWID grapher slug 'historical-cost-of-computer-memory-and-storage' filtered to Entity=World.
hdd_cost_per_gb,Hard-drive storage cost,compute-storage,cost-efficiency,average,lower_better,USD per GB,1999,13728.494,Our World in Data,https://ourworldindata.org/grapher/historical-cost-of-computer-memory-and-storage,Auto-ingested from OWID grapher slug 'historical-cost-of-computer-memory-and-storage' filtered to Entity=World.
hdd_cost_per_gb,Hard-drive storage cost,compute-storage,cost-efficiency,average,lower_better,USD per GB,2000,6119.5728,Our World in Data,https://ourworldindata.org/grapher/historical-cost-of-computer-memory-and-storage,Auto-ingested from OWID grapher slug 'historical-cost-of-computer-memory-and-storage' filtered to Entity=World.
hdd_cost_per_gb,Hard-drive storage cost,compute-storage,cost-efficiency,average,lower_better,USD per GB,2001,3784.983,Our World in Data,https://ourworldindata.org/grapher/historical-cost-of-computer-memory-and-storage,Auto-ingested from OWID grapher slug 'historical-cost-of-computer-memory-and-storage' filtered to Entity=World.
hdd_cost_per_gb,Hard-drive storage cost,compute-storage,cost-efficiency,average,lower_better,USD per GB,2002,1750.348,Our World in Data,https://ourworldindata.org/grapher/historical-cost-of-computer-memory-and-storage,Auto-ingested from OWID grapher slug 'historical-cost-of-computer-memory-and-storage' filtered to Entity=World.
hdd_cost_per_gb,Hard-drive storage cost,compute-storage,cost-efficiency,average,lower_better,USD per GB,2003,1054.8236,Our World in Data,https://ourworldindata.org/grapher/historical-cost-of-computer-memory-and-storage,Auto-ingested from OWID grapher slug 'historical-cost-of-computer-memory-and-storage' filtered to Entity=World.
hdd_cost_per_gb,Hard-drive storage cost,compute-storage,cost-efficiency,average,lower_better,USD per GB,2004,834.9087,Our World in Data,https://ourworldindata.org/grapher/historical-cost-of-computer-memory-and-storage,Auto-ingested from OWID grapher slug 'historical-cost-of-computer-memory-and-storage' filtered to Entity=World.
hdd_cost_per_gb,Hard-drive storage cost,compute-storage,cost-efficiency,average,lower_better,USD per GB,2005,538.3613,Our World in Data,https://ourworldindata.org/grapher/historical-cost-of-computer-memory-and-storage,Auto-ingested from OWID grapher slug 'historical-cost-of-computer-memory-and-storage' filtered to Entity=World.
hdd_cost_per_gb,Hard-drive storage cost,compute-storage,cost-efficiency,average,lower_better,USD per GB,2006,280.7894,Our World in Data,https://ourworldindata.org/grapher/historical-cost-of-computer-memory-and-storage,Auto-ingested from OWID grapher slug 'historical-cost-of-computer-memory-and-storage' filtered to Entity=World.
hdd_cost_per_gb,Hard-drive storage cost,compute-storage,cost-efficiency,average,lower_better,USD per GB,2007,249.62152,Our World in Data,https://ourworldindata.org/grapher/historical-cost-of-computer-memory-and-storage,Auto-ingested from OWID grapher slug 'historical-cost-of-computer-memory-and-storage' filtered to Entity=World.
hdd_cost_per_gb,Hard-drive storage cost,compute-storage,cost-efficiency,average,lower_better,USD per GB,2008,120.195786,Our World in Data,https://ourworldindata.org/grapher/historical-cost-of-computer-memory-and-storage,Auto-ingested from OWID grapher slug 'historical-cost-of-computer-memory-and-storage' filtered to Entity=World.
hdd_cost_per_gb,Hard-drive storage cost,compute-storage,cost-efficiency,average,lower_better,USD per GB,2009,84.43383,Our World in Data,https://ourworldindata.org/grapher/historical-cost-of-computer-memory-and-storage,Auto-ingested from OWID grapher slug 'historical-cost-of-computer-memory-and-storage' filtered to Entity=World.
hdd_cost_per_gb,Hard-drive storage cost,compute-storage,cost-efficiency,average,lower_better,USD per GB,2010,53.41057,Our World in Data,https://ourworldindata.org/grapher/historical-cost-of-computer-memory-and-storage,Auto-ingested from OWID grapher slug 'historical-cost-of-computer-memory-and-storage' filtered to Entity=World.
hdd_cost_per_gb,Hard-drive storage cost,compute-storage,cost-efficiency,average,lower_better,USD per GB,2011,42.180378,Our World in Data,https://ourworldindata.org/grapher/historical-cost-of-computer-memory-and-storage,Auto-ingested from OWID grapher slug 'historical-cost-of-computer-memory-and-storage' filtered to Entity=World.
hdd_cost_per_gb,Hard-drive storage cost,compute-storage,cost-efficiency,average,lower_better,USD per GB,2012,41.325172,Our World in Data,https://ourworldindata.org/grapher/historical-cost-of-computer-memory-and-storage,Auto-ingested from OWID grapher slug 'historical-cost-of-computer-memory-and-storage' filtered to Entity=World.
hdd_cost_per_gb,Hard-drive storage cost,compute-storage,cost-efficiency,average,lower_better,USD per GB,2013,40.728596,Our World in Data,https://ourworldindata.org/grapher/historical-cost-of-computer-memory-and-storage,Auto-ingested from OWID grapher slug 'historical-cost-of-computer-memory-and-storage' filtered to Entity=World.
hdd_cost_per_gb,Hard-drive storage cost,compute-storage,cost-efficiency,average,lower_better,USD per GB,2014,38.263657,Our World in Data,https://ourworldindata.org/grapher/historical-cost-of-computer-memory-and-storage,Auto-ingested from OWID grapher slug 'historical-cost-of-computer-memory-and-storage' filtered to Entity=World.
hdd_cost_per_gb,Hard-drive storage cost,compute-storage,cost-efficiency,average,lower_better,USD per GB,2015,30.934978,Our World in Data,https://ourworldindata.org/grapher/historical-cost-of-computer-memory-and-storage,Auto-ingested from OWID grapher slug 'historical-cost-of-computer-memory-and-storage' filtered to Entity=World.
hdd_cost_per_gb,Hard-drive storage cost,compute-storage,cost-efficiency,average,lower_better,USD per GB,2016,29.870232,Our World in Data,https://ourworldindata.org/grapher/historical-cost-of-computer-memory-and-storage,Auto-ingested from OWID grapher slug 'historical-cost-of-computer-memory-and-storage' filtered to Entity=World.
hdd_cost_per_gb,Hard-drive storage cost,compute-storage,cost-efficiency,average,lower_better,USD per GB,2017,26.396357,Our World in Data,https://ourworldindata.org/grapher/historical-cost-of-computer-memory-and-storage,Auto-ingested from OWID grapher slug 'historical-cost-of-computer-memory-and-storage' filtered to Entity=World.
hdd_cost_per_gb,Hard-drive storage cost,compute-storage,cost-efficiency,average,lower_better,USD per GB,2018,24.086998,Our World in Data,https://ourworldindata.org/grapher/historical-cost-of-computer-memory-and-storage,Auto-ingested from OWID grapher slug 'historical-cost-of-computer-memory-and-storage' filtered to Entity=World.
hdd_cost_per_gb,Hard-drive storage cost,compute-storage,cost-efficiency,average,lower_better,USD per GB,2019,18.981318,Our World in Data,https://ourworldindata.org/grapher/historical-cost-of-computer-memory-and-storage,Auto-ingested from OWID grapher slug 'historical-cost-of-computer-memory-and-storage' filtered to Entity=World.
hdd_cost_per_gb,Hard-drive storage cost,compute-storage,cost-efficiency,average,lower_better,USD per GB,2020,16.25,Our World in Data,https://ourworldindata.org/grapher/historical-cost-of-computer-memory-and-storage,Auto-ingested from OWID grapher slug 'historical-cost-of-computer-memory-and-storage' filtered to Entity=World.
hdd_cost_per_gb,Hard-drive storage cost,compute-storage,cost-efficiency,average,lower_better,USD per GB,2021,15.520827,Our World in Data,https://ourworldindata.org/grapher/historical-cost-of-computer-memory-and-storage,Auto-ingested from OWID grapher slug 'historical-cost-of-computer-memory-and-storage' filtered to Entity=World.
hdd_cost_per_gb,Hard-drive storage cost,compute-storage,cost-efficiency,average,lower_better,USD per GB,2022,12.637437,Our World in Data,https://ourworldindata.org/grapher/historical-cost-of-computer-memory-and-storage,Auto-ingested from OWID grapher slug 'historical-cost-of-computer-memory-and-storage' filtered to Entity=World.
hdd_cost_per_gb,Hard-drive storage cost,compute-storage,cost-efficiency,average,lower_better,USD per GB,2023,10.617382,Our World in Data,https://ourworldindata.org/grapher/historical-cost-of-computer-memory-and-storage,Auto-ingested from OWID grapher slug 'historical-cost-of-computer-memory-and-storage' filtered to Entity=World.
li_ion_battery_pack_price,Lithium-ion battery pack price,energy-storage,cost-efficiency,average,lower_better,USD per kWh,2013,780,BloombergNEF,https://about.bnef.com/blog/lithium-ion-battery-pack-prices-rise-for-first-time-to-an-average-of-151-kwh/,BNEF annual battery price survey.
li_ion_battery_pack_price,Lithium-ion battery pack price,energy-storage,cost-efficiency,average,lower_better,USD per kWh,2014,692,BloombergNEF,https://about.bnef.com/blog/lithium-ion-battery-pack-prices-rise-for-first-time-to-an-average-of-151-kwh/,BNEF annual battery price survey.
li_ion_battery_pack_price,Lithium-ion battery pack price,energy-storage,cost-efficiency,average,lower_better,USD per kWh,2015,448,BloombergNEF,https://about.bnef.com/blog/lithium-ion-battery-pack-prices-rise-for-first-time-to-an-average-of-151-kwh/,BNEF annual battery price survey.
li_ion_battery_pack_price,Lithium-ion battery pack price,energy-storage,cost-efficiency,average,lower_better,USD per kWh,2016,345,BloombergNEF,https://about.bnef.com/blog/lithium-ion-battery-pack-prices-rise-for-first-time-to-an-average-of-151-kwh/,BNEF annual battery price survey.
li_ion_battery_pack_price,Lithium-ion battery pack price,energy-storage,cost-efficiency,average,lower_better,USD per kWh,2017,258,BloombergNEF,https://about.bnef.com/blog/lithium-ion-battery-pack-prices-rise-for-first-time-to-an-average-of-151-kwh/,BNEF annual battery price survey.
li_ion_battery_pack_price,Lithium-ion battery pack price,energy-storage,cost-efficiency,average,lower_better,USD per kWh,2018,211,BloombergNEF,https://about.bnef.com/blog/lithium-ion-battery-pack-prices-rise-for-first-time-to-an-average-of-151-kwh/,BNEF annual battery price survey.
li_ion_battery_pack_price,Lithium-ion battery pack price,energy-storage,cost-efficiency,average,lower_better,USD per kWh,2019,183,BloombergNEF,https://about.bnef.com/blog/lithium-ion-battery-pack-prices-rise-for-first-time-to-an-average-of-151-kwh/,BNEF annual battery price survey.
li_ion_battery_pack_price,Lithium-ion battery pack price,energy-storage,cost-efficiency,average,lower_better,USD per kWh,2020,160,BloombergNEF,https://about.bnef.com/blog/lithium-ion-battery-pack-prices-rise-for-first-time-to-an-average-of-151-kwh/,BNEF annual battery price survey.
li_ion_battery_pack_price,Lithium-ion battery pack price,energy-storage,cost-efficiency,average,lower_better,USD per kWh,2021,132,BloombergNEF,https://about.bnef.com/blog/lithium-ion-battery-pack-prices-rise-for-first-time-to-an-average-of-151-kwh/,BNEF annual battery price survey.
li_ion_battery_pack_price,Lithium-ion battery pack price,energy-storage,cost-efficiency,average,lower_better,USD per kWh,2022,151,BloombergNEF,https://about.bnef.com/blog/lithium-ion-battery-pack-prices-rise-for-first-time-to-an-average-of-151-kwh/,BNEF annual battery price survey.
li_ion_battery_pack_price,Lithium-ion battery pack price,energy-storage,cost-efficiency,average,lower_better,USD per kWh,2023,139,BloombergNEF,https://about.bnef.com/blog/lithium-ion-battery-pack-prices-rise-for-first-time-to-an-average-of-151-kwh/,BNEF annual battery price survey.
li_ion_battery_pack_price,Lithium-ion battery pack price,energy-storage,cost-efficiency,average,lower_better,USD per kWh,2024,115,BloombergNEF,https://about.bnef.com/insights/commodities/lithium-ion-battery-pack-prices-see-largest-drop-since-2017-falling-to-115-per-kilowatt-hour-bloombergnef/,BNEF annual battery price survey.
li_ion_battery_pack_price,Lithium-ion battery pack price,energy-storage,cost-efficiency,average,lower_better,USD per kWh,2025,108,BloombergNEF,https://battery-tech.net/battery-markets-news/lithium-ion-battery-pack-prices-hit-record-low-at-108-kwh/,BNEF annual battery price survey.
solar_pv_module_price,Solar PV module price,energy,cost-efficiency,average,lower_better,constant 2024 USD per watt,1975,128.26924,Our World in Data,https://ourworldindata.org/grapher/solar-pv-prices,Auto-ingested from OWID grapher slug 'solar-pv-prices' filtered to Entity=World.
solar_pv_module_price,Solar PV module price,energy,cost-efficiency,average,lower_better,constant 2024 USD per watt,1976,96.507935,Our World in Data,https://ourworldindata.org/grapher/solar-pv-prices,Auto-ingested from OWID grapher slug 'solar-pv-prices' filtered to Entity=World.
solar_pv_module_price,Solar PV module price,energy,cost-efficiency,average,lower_better,constant 2024 USD per watt,1977,70.407074,Our World in Data,https://ourworldindata.org/grapher/solar-pv-prices,Auto-ingested from OWID grapher slug 'solar-pv-prices' filtered to Entity=World.
solar_pv_module_price,Solar PV module price,energy,cost-efficiency,average,lower_better,constant 2024 USD per watt,1978,49.813416,Our World in Data,https://ourworldindata.org/grapher/solar-pv-prices,Auto-ingested from OWID grapher slug 'solar-pv-prices' filtered to Entity=World.
solar_pv_module_price,Solar PV module price,energy,cost-efficiency,average,lower_better,constant 2024 USD per watt,1979,41.855152,Our World in Data,https://ourworldindata.org/grapher/solar-pv-prices,Auto-ingested from OWID grapher slug 'solar-pv-prices' filtered to Entity=World.
solar_pv_module_price,Solar PV module price,energy,cost-efficiency,average,lower_better,constant 2024 USD per watt,1980,35.46944,Our World in Data,https://ourworldindata.org/grapher/solar-pv-prices,Auto-ingested from OWID grapher slug 'solar-pv-prices' filtered to Entity=World.
solar_pv_module_price,Solar PV module price,energy,cost-efficiency,average,lower_better,constant 2024 USD per watt,1981,28.358482,Our World in Data,https://ourworldindata.org/grapher/solar-pv-prices,Auto-ingested from OWID grapher slug 'solar-pv-prices' filtered to Entity=World.
solar_pv_module_price,Solar PV module price,energy,cost-efficiency,average,lower_better,constant 2024 USD per watt,1982,25.479465,Our World in Data,https://ourworldindata.org/grapher/solar-pv-prices,Auto-ingested from OWID grapher slug 'solar-pv-prices' filtered to Entity=World.
solar_pv_module_price,Solar PV module price,energy,cost-efficiency,average,lower_better,constant 2024 USD per watt,1983,20.569576,Our World in Data,https://ourworldindata.org/grapher/solar-pv-prices,Auto-ingested from OWID grapher slug 'solar-pv-prices' filtered to Entity=World.
solar_pv_module_price,Solar PV module price,energy,cost-efficiency,average,lower_better,constant 2024 USD per watt,1984,19.113127,Our World in Data,https://ourworldindata.org/grapher/solar-pv-prices,Auto-ingested from OWID grapher slug 'solar-pv-prices' filtered to Entity=World.
solar_pv_module_price,Solar PV module price,energy,cost-efficiency,average,lower_better,constant 2024 USD per watt,1985,16.686186,Our World in Data,https://ourworldindata.org/grapher/solar-pv-prices,Auto-ingested from OWID grapher slug 'solar-pv-prices' filtered to Entity=World.
solar_pv_module_price,Solar PV module price,energy,cost-efficiency,average,lower_better,constant 2024 USD per watt,1986,13.802792,Our World in Data,https://ourworldindata.org/grapher/solar-pv-prices,Auto-ingested from OWID grapher slug 'solar-pv-prices' filtered to Entity=World.
solar_pv_module_price,Solar PV module price,energy,cost-efficiency,average,lower_better,constant 2024 USD per watt,1987,11.734707,Our World in Data,https://ourworldindata.org/grapher/solar-pv-prices,Auto-ingested from OWID grapher slug 'solar-pv-prices' filtered to Entity=World.
solar_pv_module_price,Solar PV module price,energy,cost-efficiency,average,lower_better,constant 2024 USD per watt,1988,10.960708,Our World in Data,https://ourworldindata.org/grapher/solar-pv-prices,Auto-ingested from OWID grapher slug 'solar-pv-prices' filtered to Entity=World.
solar_pv_module_price,Solar PV module price,energy,cost-efficiency,average,lower_better,constant 2024 USD per watt,1989,11.327412,Our World in Data,https://ourworldindata.org/grapher/solar-pv-prices,Auto-ingested from OWID grapher slug 'solar-pv-prices' filtered to Entity=World.
solar_pv_module_price,Solar PV module price,energy,cost-efficiency,average,lower_better,constant 2024 USD per watt,1990,11.7160635,Our World in Data,https://ourworldindata.org/grapher/solar-pv-prices,Auto-ingested from OWID grapher slug 'solar-pv-prices' filtered to Entity=World.
solar_pv_module_price,Solar PV module price,energy,cost-efficiency,average,lower_better,constant 2024 USD per watt,1991,10.853333,Our World in Data,https://ourworldindata.org/grapher/solar-pv-prices,Auto-ingested from OWID grapher slug 'solar-pv-prices' filtered to Entity=World.
solar_pv_module_price,Solar PV module price,energy,cost-efficiency,average,lower_better,constant 2024 USD per watt,1992,10.111405,Our World in Data,https://ourworldindata.org/grapher/solar-pv-prices,Auto-ingested from OWID grapher slug 'solar-pv-prices' filtered to Entity=World.
solar_pv_module_price,Solar PV module price,energy,cost-efficiency,average,lower_better,constant 2024 USD per watt,1993,9.45594,Our World in Data,https://ourworldindata.org/grapher/solar-pv-prices,Auto-ingested from OWID grapher slug 'solar-pv-prices' filtered to Entity=World.
solar_pv_module_price,Solar PV module price,energy,cost-efficiency,average,lower_better,constant 2024 USD per watt,1994,8.945153,Our World in Data,https://ourworldindata.org/grapher/solar-pv-prices,Auto-ingested from OWID grapher slug 'solar-pv-prices' filtered to Entity=World.
solar_pv_module_price,Solar PV module price,energy,cost-efficiency,average,lower_better,constant 2024 USD per watt,1995,8.270751,Our World in Data,https://ourworldindata.org/grapher/solar-pv-prices,Auto-ingested from OWID grapher slug 'solar-pv-prices' filtered to Entity=World.
solar_pv_module_price,Solar PV module price,energy,cost-efficiency,average,lower_better,constant 2024 USD per watt,1996,7.7322893,Our World in Data,https://ourworldindata.org/grapher/solar-pv-prices,Auto-ingested from OWID grapher slug 'solar-pv-prices' filtered to Entity=World.
solar_pv_module_price,Solar PV module price,energy,cost-efficiency,average,lower_better,constant 2024 USD per watt,1997,7.705326,Our World in Data,https://ourworldindata.org/grapher/solar-pv-prices,Auto-ingested from OWID grapher slug 'solar-pv-prices' filtered to Entity=World.
solar_pv_module_price,Solar PV module price,energy,cost-efficiency,average,lower_better,constant 2024 USD per watt,1998,6.9432726,Our World in Data,https://ourworldindata.org/grapher/solar-pv-prices,Auto-ingested from OWID grapher slug 'solar-pv-prices' filtered to Entity=World.
solar_pv_module_price,Solar PV module price,energy,cost-efficiency,average,lower_better,constant 2024 USD per watt,1999,6.413923,Our World in Data,https://ourworldindata.org/grapher/solar-pv-prices,Auto-ingested from OWID grapher slug 'solar-pv-prices' filtered to Entity=World.
solar_pv_module_price,Solar PV module price,energy,cost-efficiency,average,lower_better,constant 2024 USD per watt,2000,6.2943754,Our World in Data,https://ourworldindata.org/grapher/solar-pv-prices,Auto-ingested from OWID grapher slug 'solar-pv-prices' filtered to Entity=World.
solar_pv_module_price,Solar PV module price,energy,cost-efficiency,average,lower_better,constant 2024 USD per watt,2001,6.089497,Our World in Data,https://ourworldindata.org/grapher/solar-pv-prices,Auto-ingested from OWID grapher slug 'solar-pv-prices' filtered to Entity=World.
solar_pv_module_price,Solar PV module price,energy,cost-efficiency,average,lower_better,constant 2024 USD per watt,2002,5.5689664,Our World in Data,https://ourworldindata.org/grapher/solar-pv-prices,Auto-ingested from OWID grapher slug 'solar-pv-prices' filtered to Entity=World.
solar_pv_module_price,Solar PV module price,energy,cost-efficiency,average,lower_better,constant 2024 USD per watt,2003,5.2943115,Our World in Data,https://ourworldindata.org/grapher/solar-pv-prices,Auto-ingested from OWID grapher slug 'solar-pv-prices' filtered to Entity=World.
solar_pv_module_price,Solar PV module price,energy,cost-efficiency,average,lower_better,constant 2024 USD per watt,2004,4.5554976,Our World in Data,https://ourworldindata.org/grapher/solar-pv-prices,Auto-ingested from OWID grapher slug 'solar-pv-prices' filtered to Entity=World.
solar_pv_module_price,Solar PV module price,energy,cost-efficiency,average,lower_better,constant 2024 USD per watt,2005,4.604172,Our World in Data,https://ourworldindata.org/grapher/solar-pv-prices,Auto-ingested from OWID grapher slug 'solar-pv-prices' filtered to Entity=World.
solar_pv_module_price,Solar PV module price,energy,cost-efficiency,average,lower_better,constant 2024 USD per watt,2006,5.0185194,Our World in Data,https://ourworldindata.org/grapher/solar-pv-prices,Auto-ingested from OWID grapher slug 'solar-pv-prices' filtered to Entity=World.
solar_pv_module_price,Solar PV module price,energy,cost-efficiency,average,lower_better,constant 2024 USD per watt,2007,5.055688,Our World in Data,https://ourworldindata.org/grapher/solar-pv-prices,Auto-ingested from OWID grapher slug 'solar-pv-prices' filtered to Entity=World.
solar_pv_module_price,Solar PV module price,energy,cost-efficiency,average,lower_better,constant 2024 USD per watt,2008,4.607598,Our World in Data,https://ourworldindata.org/grapher/solar-pv-prices,Auto-ingested from OWID grapher slug 'solar-pv-prices' filtered to Entity=World.
solar_pv_module_price,Solar PV module price,energy,cost-efficiency,average,lower_better,constant 2024 USD per watt,2009,3.0796502,Our World in Data,https://ourworldindata.org/grapher/solar-pv-prices,Auto-ingested from OWID grapher slug 'solar-pv-prices' filtered to Entity=World.
solar_pv_module_price,Solar PV module price,energy,cost-efficiency,average,lower_better,constant 2024 USD per watt,2010,2.4433622,Our World in Data,https://ourworldindata.org/grapher/solar-pv-prices,Auto-ingested from OWID grapher slug 'solar-pv-prices' filtered to Entity=World.
solar_pv_module_price,Solar PV module price,energy,cost-efficiency,average,lower_better,constant 2024 USD per watt,2011,2.0047348,Our World in Data,https://ourworldindata.org/grapher/solar-pv-prices,Auto-ingested from OWID grapher slug 'solar-pv-prices' filtered to Entity=World.
solar_pv_module_price,Solar PV module price,energy,cost-efficiency,average,lower_better,constant 2024 USD per watt,2012,1.0804502,Our World in Data,https://ourworldindata.org/grapher/solar-pv-prices,Auto-ingested from OWID grapher slug 'solar-pv-prices' filtered to Entity=World.
solar_pv_module_price,Solar PV module price,energy,cost-efficiency,average,lower_better,constant 2024 USD per watt,2013,0.8332635,Our World in Data,https://ourworldindata.org/grapher/solar-pv-prices,Auto-ingested from OWID grapher slug 'solar-pv-prices' filtered to Entity=World.
solar_pv_module_price,Solar PV module price,energy,cost-efficiency,average,lower_better,constant 2024 USD per watt,2014,0.7689895,Our World in Data,https://ourworldindata.org/grapher/solar-pv-prices,Auto-ingested from OWID grapher slug 'solar-pv-prices' filtered to Entity=World.
solar_pv_module_price,Solar PV module price,energy,cost-efficiency,average,lower_better,constant 2024 USD per watt,2015,0.7156806,Our World in Data,https://ourworldindata.org/grapher/solar-pv-prices,Auto-ingested from OWID grapher slug 'solar-pv-prices' filtered to Entity=World.
solar_pv_module_price,Solar PV module price,energy,cost-efficiency,average,lower_better,constant 2024 USD per watt,2016,0.6617146,Our World in Data,https://ourworldindata.org/grapher/solar-pv-prices,Auto-ingested from OWID grapher slug 'solar-pv-prices' filtered to Entity=World.
solar_pv_module_price,Solar PV module price,energy,cost-efficiency,average,lower_better,constant 2024 USD per watt,2017,0.5557844,Our World in Data,https://ourworldindata.org/grapher/solar-pv-prices,Auto-ingested from OWID grapher slug 'solar-pv-prices' filtered to Entity=World.
solar_pv_module_price,Solar PV module price,energy,cost-efficiency,average,lower_better,constant 2024 USD per watt,2018,0.49517947,Our World in Data,https://ourworldindata.org/grapher/solar-pv-prices,Auto-ingested from OWID grapher slug 'solar-pv-prices' filtered to Entity=World.
solar_pv_module_price,Solar PV module price,energy,cost-efficiency,average,lower_better,constant 2024 USD per watt,2019,0.45422456,Our World in Data,https://ourworldindata.org/grapher/solar-pv-prices,Auto-ingested from OWID grapher slug 'solar-pv-prices' filtered to Entity=World.
solar_pv_module_price,Solar PV module price,energy,cost-efficiency,average,lower_better,constant 2024 USD per watt,2020,0.35966694,Our World in Data,https://ourworldindata.org/grapher/solar-pv-prices,Auto-ingested from OWID grapher slug 'solar-pv-prices' filtered to Entity=World.
solar_pv_module_price,Solar PV module price,energy,cost-efficiency,average,lower_better,constant 2024 USD per watt,2021,0.32287797,Our World in Data,https://ourworldindata.org/grapher/solar-pv-prices,Auto-ingested from OWID grapher slug 'solar-pv-prices' filtered to Entity=World.
solar_pv_module_price,Solar PV module price,energy,cost-efficiency,average,lower_better,constant 2024 USD per watt,2022,0.35583413,Our World in Data,https://ourworldindata.org/grapher/solar-pv-prices,Auto-ingested from OWID grapher slug 'solar-pv-prices' filtered to Entity=World.
solar_pv_module_price,Solar PV module price,energy,cost-efficiency,average,lower_better,constant 2024 USD per watt,2023,0.3129992,Our World in Data,https://ourworldindata.org/grapher/solar-pv-prices,Auto-ingested from OWID grapher slug 'solar-pv-prices' filtered to Entity=World.
solar_pv_module_price,Solar PV module price,energy,cost-efficiency,average,lower_better,constant 2024 USD per watt,2024,0.2579602,Our World in Data,https://ourworldindata.org/grapher/solar-pv-prices,Auto-ingested from OWID grapher slug 'solar-pv-prices' filtered to Entity=World.
transistors_per_chip,Transistors per microprocessor (best chip),compute-hardware,compute-density,frontier,higher_better,transistors,1971,2308.2417,Our World in Data,https://ourworldindata.org/grapher/transistors-per-microprocessor,Auto-ingested from OWID grapher slug 'transistors-per-microprocessor' filtered to Entity=World.
transistors_per_chip,Transistors per microprocessor (best chip),compute-hardware,compute-density,frontier,higher_better,transistors,1972,3554.5222,Our World in Data,https://ourworldindata.org/grapher/transistors-per-microprocessor,Auto-ingested from OWID grapher slug 'transistors-per-microprocessor' filtered to Entity=World.
transistors_per_chip,Transistors per microprocessor (best chip),compute-hardware,compute-density,frontier,higher_better,transistors,1974,6097.5625,Our World in Data,https://ourworldindata.org/grapher/transistors-per-microprocessor,Auto-ingested from OWID grapher slug 'transistors-per-microprocessor' filtered to Entity=World.
transistors_per_chip,Transistors per microprocessor (best chip),compute-hardware,compute-density,frontier,higher_better,transistors,1979,29163.777,Our World in Data,https://ourworldindata.org/grapher/transistors-per-microprocessor,Auto-ingested from OWID grapher slug 'transistors-per-microprocessor' filtered to Entity=World.
transistors_per_chip,Transistors per microprocessor (best chip),compute-hardware,compute-density,frontier,higher_better,transistors,1982,135772.72,Our World in Data,https://ourworldindata.org/grapher/transistors-per-microprocessor,Auto-ingested from OWID grapher slug 'transistors-per-microprocessor' filtered to Entity=World.
transistors_per_chip,Transistors per microprocessor (best chip),compute-hardware,compute-density,frontier,higher_better,transistors,1985,273841.94,Our World in Data,https://ourworldindata.org/grapher/transistors-per-microprocessor,Auto-ingested from OWID grapher slug 'transistors-per-microprocessor' filtered to Entity=World.
transistors_per_chip,Transistors per microprocessor (best chip),compute-hardware,compute-density,frontier,higher_better,transistors,1986,273841.94,Our World in Data,https://ourworldindata.org/grapher/transistors-per-microprocessor,Auto-ingested from OWID grapher slug 'transistors-per-microprocessor' filtered to Entity=World.
transistors_per_chip,Transistors per microprocessor (best chip),compute-hardware,compute-density,frontier,higher_better,transistors,1988,273841.94,Our World in Data,https://ourworldindata.org/grapher/transistors-per-microprocessor,Auto-ingested from OWID grapher slug 'transistors-per-microprocessor' filtered to Entity=World.
transistors_per_chip,Transistors per microprocessor (best chip),compute-hardware,compute-density,frontier,higher_better,transistors,1989,1207900.8,Our World in Data,https://ourworldindata.org/grapher/transistors-per-microprocessor,Auto-ingested from OWID grapher slug 'transistors-per-microprocessor' filtered to Entity=World.
transistors_per_chip,Transistors per microprocessor (best chip),compute-hardware,compute-density,frontier,higher_better,transistors,1990,1207900.8,Our World in Data,https://ourworldindata.org/grapher/transistors-per-microprocessor,Auto-ingested from OWID grapher slug 'transistors-per-microprocessor' filtered to Entity=World.
transistors_per_chip,Transistors per microprocessor (best chip),compute-hardware,compute-density,frontier,higher_better,transistors,1992,3105900.2,Our World in Data,https://ourworldindata.org/grapher/transistors-per-microprocessor,Auto-ingested from OWID grapher slug 'transistors-per-microprocessor' filtered to Entity=World.
transistors_per_chip,Transistors per microprocessor (best chip),compute-hardware,compute-density,frontier,higher_better,transistors,1993,3105900.2,Our World in Data,https://ourworldindata.org/grapher/transistors-per-microprocessor,Auto-ingested from OWID grapher slug 'transistors-per-microprocessor' filtered to Entity=World.
transistors_per_chip,Transistors per microprocessor (best chip),compute-hardware,compute-density,frontier,higher_better,transistors,1994,3105900.2,Our World in Data,https://ourworldindata.org/grapher/transistors-per-microprocessor,Auto-ingested from OWID grapher slug 'transistors-per-microprocessor' filtered to Entity=World.
transistors_per_chip,Transistors per microprocessor (best chip),compute-hardware,compute-density,frontier,higher_better,transistors,1995,9646616.0,Our World in Data,https://ourworldindata.org/grapher/transistors-per-microprocessor,Auto-ingested from OWID grapher slug 'transistors-per-microprocessor' filtered to Entity=World.
transistors_per_chip,Transistors per microprocessor (best chip),compute-hardware,compute-density,frontier,higher_better,transistors,1996,9646616.0,Our World in Data,https://ourworldindata.org/grapher/transistors-per-microprocessor,Auto-ingested from OWID grapher slug 'transistors-per-microprocessor' filtered to Entity=World.
transistors_per_chip,Transistors per microprocessor (best chip),compute-hardware,compute-density,frontier,higher_better,transistors,1997,9646616.0,Our World in Data,https://ourworldindata.org/grapher/transistors-per-microprocessor,Auto-ingested from OWID grapher slug 'transistors-per-microprocessor' filtered to Entity=World.
transistors_per_chip,Transistors per microprocessor (best chip),compute-hardware,compute-density,frontier,higher_better,transistors,1998,15261378.0,Our World in Data,https://ourworldindata.org/grapher/transistors-per-microprocessor,Auto-ingested from OWID grapher slug 'transistors-per-microprocessor' filtered to Entity=World.
transistors_per_chip,Transistors per microprocessor (best chip),compute-hardware,compute-density,frontier,higher_better,transistors,1999,21673922.0,Our World in Data,https://ourworldindata.org/grapher/transistors-per-microprocessor,Auto-ingested from OWID grapher slug 'transistors-per-microprocessor' filtered to Entity=World.
transistors_per_chip,Transistors per microprocessor (best chip),compute-hardware,compute-density,frontier,higher_better,transistors,2000,37180264.0,Our World in Data,https://ourworldindata.org/grapher/transistors-per-microprocessor,Auto-ingested from OWID grapher slug 'transistors-per-microprocessor' filtered to Entity=World.
transistors_per_chip,Transistors per microprocessor (best chip),compute-hardware,compute-density,frontier,higher_better,transistors,2001,42550656.0,Our World in Data,https://ourworldindata.org/grapher/transistors-per-microprocessor,Auto-ingested from OWID grapher slug 'transistors-per-microprocessor' filtered to Entity=World.
transistors_per_chip,Transistors per microprocessor (best chip),compute-hardware,compute-density,frontier,higher_better,transistors,2002,220673400.0,Our World in Data,https://ourworldindata.org/grapher/transistors-per-microprocessor,Auto-ingested from OWID grapher slug 'transistors-per-microprocessor' filtered to Entity=World.
transistors_per_chip,Transistors per microprocessor (best chip),compute-hardware,compute-density,frontier,higher_better,transistors,2003,220673400.0,Our World in Data,https://ourworldindata.org/grapher/transistors-per-microprocessor,Auto-ingested from OWID grapher slug 'transistors-per-microprocessor' filtered to Entity=World.
transistors_per_chip,Transistors per microprocessor (best chip),compute-hardware,compute-density,frontier,higher_better,transistors,2004,273842000.0,Our World in Data,https://ourworldindata.org/grapher/transistors-per-microprocessor,Auto-ingested from OWID grapher slug 'transistors-per-microprocessor' filtered to Entity=World.
transistors_per_chip,Transistors per microprocessor (best chip),compute-hardware,compute-density,frontier,higher_better,transistors,2005,305052770.0,Our World in Data,https://ourworldindata.org/grapher/transistors-per-microprocessor,Auto-ingested from OWID grapher slug 'transistors-per-microprocessor' filtered to Entity=World.
transistors_per_chip,Transistors per microprocessor (best chip),compute-hardware,compute-density,frontier,higher_better,transistors,2006,582941600.0,Our World in Data,https://ourworldindata.org/grapher/transistors-per-microprocessor,Auto-ingested from OWID grapher slug 'transistors-per-microprocessor' filtered to Entity=World.
transistors_per_chip,Transistors per microprocessor (best chip),compute-hardware,compute-density,frontier,higher_better,transistors,2007,805842200.0,Our World in Data,https://ourworldindata.org/grapher/transistors-per-microprocessor,Auto-ingested from OWID grapher slug 'transistors-per-microprocessor' filtered to Entity=World.
transistors_per_chip,Transistors per microprocessor (best chip),compute-hardware,compute-density,frontier,higher_better,transistors,2008,805842200.0,Our World in Data,https://ourworldindata.org/grapher/transistors-per-microprocessor,Auto-ingested from OWID grapher slug 'transistors-per-microprocessor' filtered to Entity=World.
transistors_per_chip,Transistors per microprocessor (best chip),compute-hardware,compute-density,frontier,higher_better,transistors,2009,2308241400.0,Our World in Data,https://ourworldindata.org/grapher/transistors-per-microprocessor,Auto-ingested from OWID grapher slug 'transistors-per-microprocessor' filtered to Entity=World.
transistors_per_chip,Transistors per microprocessor (best chip),compute-hardware,compute-density,frontier,higher_better,transistors,2010,2308241400.0,Our World in Data,https://ourworldindata.org/grapher/transistors-per-microprocessor,Auto-ingested from OWID grapher slug 'transistors-per-microprocessor' filtered to Entity=World.
transistors_per_chip,Transistors per microprocessor (best chip),compute-hardware,compute-density,frontier,higher_better,transistors,2011,2600000000.0,Our World in Data,https://ourworldindata.org/grapher/transistors-per-microprocessor,Auto-ingested from OWID grapher slug 'transistors-per-microprocessor' filtered to Entity=World.
transistors_per_chip,Transistors per microprocessor (best chip),compute-hardware,compute-density,frontier,higher_better,transistors,2012,2600000000.0,Our World in Data,https://ourworldindata.org/grapher/transistors-per-microprocessor,Auto-ingested from OWID grapher slug 'transistors-per-microprocessor' filtered to Entity=World.
transistors_per_chip,Transistors per microprocessor (best chip),compute-hardware,compute-density,frontier,higher_better,transistors,2013,5000000000.0,Our World in Data,https://ourworldindata.org/grapher/transistors-per-microprocessor,Auto-ingested from OWID grapher slug 'transistors-per-microprocessor' filtered to Entity=World.
transistors_per_chip,Transistors per microprocessor (best chip),compute-hardware,compute-density,frontier,higher_better,transistors,2014,5700000000.0,Our World in Data,https://ourworldindata.org/grapher/transistors-per-microprocessor,Auto-ingested from OWID grapher slug 'transistors-per-microprocessor' filtered to Entity=World.
transistors_per_chip,Transistors per microprocessor (best chip),compute-hardware,compute-density,frontier,higher_better,transistors,2016,8000000000.0,Our World in Data,https://ourworldindata.org/grapher/transistors-per-microprocessor,Auto-ingested from OWID grapher slug 'transistors-per-microprocessor' filtered to Entity=World.
transistors_per_chip,Transistors per microprocessor (best chip),compute-hardware,compute-density,frontier,higher_better,transistors,2017,19200000000.0,Our World in Data,https://ourworldindata.org/grapher/transistors-per-microprocessor,Auto-ingested from OWID grapher slug 'transistors-per-microprocessor' filtered to Entity=World.
transistors_per_chip,Transistors per microprocessor (best chip),compute-hardware,compute-density,frontier,higher_better,transistors,2018,21100000000.0,Our World in Data,https://ourworldindata.org/grapher/transistors-per-microprocessor,Auto-ingested from OWID grapher slug 'transistors-per-microprocessor' filtered to Entity=World.
transistors_per_chip,Transistors per microprocessor (best chip),compute-hardware,compute-density,frontier,higher_better,transistors,2019,39500000000.0,Our World in Data,https://ourworldindata.org/grapher/transistors-per-microprocessor,Auto-ingested from OWID grapher slug 'transistors-per-microprocessor' filtered to Entity=World.
transistors_per_chip,Transistors per microprocessor (best chip),compute-hardware,compute-density,frontier,higher_better,transistors,2020,39500000000.0,Our World in Data,https://ourworldindata.org/grapher/transistors-per-microprocessor,Auto-ingested from OWID grapher slug 'transistors-per-microprocessor' filtered to Entity=World.
transistors_per_chip,Transistors per microprocessor (best chip),compute-hardware,compute-density,frontier,higher_better,transistors,2021,58200000000.0,Our World in Data,https://ourworldindata.org/grapher/transistors-per-microprocessor,Auto-ingested from OWID grapher slug 'transistors-per-microprocessor' filtered to Entity=World.
us_corn_yield,US corn yield,agriculture,physical-productivity,average,higher_better,tonnes per hectare,1950,2.3975291,USDA/FAO via OWID,https://ourworldindata.org/grapher/maize-yields,Auto-ingested from OWID grapher slug 'maize-yields' filtered to Entity=United States.
us_corn_yield,US corn yield,agriculture,physical-productivity,average,higher_better,tonnes per hectare,1951,2.315938,USDA/FAO via OWID,https://ourworldindata.org/grapher/maize-yields,Auto-ingested from OWID grapher slug 'maize-yields' filtered to Entity=United States.
us_corn_yield,US corn yield,agriculture,physical-productivity,average,higher_better,tonnes per hectare,1952,2.6234744,USDA/FAO via OWID,https://ourworldindata.org/grapher/maize-yields,Auto-ingested from OWID grapher slug 'maize-yields' filtered to Entity=United States.
us_corn_yield,US corn yield,agriculture,physical-productivity,average,higher_better,tonnes per hectare,1953,2.5544355,USDA/FAO via OWID,https://ourworldindata.org/grapher/maize-yields,Auto-ingested from OWID grapher slug 'maize-yields' filtered to Entity=United States.
us_corn_yield,US corn yield,agriculture,physical-productivity,average,higher_better,tonnes per hectare,1954,2.4728444,USDA/FAO via OWID,https://ourworldindata.org/grapher/maize-yields,Auto-ingested from OWID grapher slug 'maize-yields' filtered to Entity=United States.
us_corn_yield,US corn yield,agriculture,physical-productivity,average,higher_better,tonnes per hectare,1955,2.6360269,USDA/FAO via OWID,https://ourworldindata.org/grapher/maize-yields,Auto-ingested from OWID grapher slug 'maize-yields' filtered to Entity=United States.
us_corn_yield,US corn yield,agriculture,physical-productivity,average,higher_better,tonnes per hectare,1956,2.9749446,USDA/FAO via OWID,https://ourworldindata.org/grapher/maize-yields,Auto-ingested from OWID grapher slug 'maize-yields' filtered to Entity=United States.
us_corn_yield,US corn yield,agriculture,physical-productivity,average,higher_better,tonnes per hectare,1957,3.0314307,USDA/FAO via OWID,https://ourworldindata.org/grapher/maize-yields,Auto-ingested from OWID grapher slug 'maize-yields' filtered to Entity=United States.
us_corn_yield,US corn yield,agriculture,physical-productivity,average,higher_better,tonnes per hectare,1958,3.3138623,USDA/FAO via OWID,https://ourworldindata.org/grapher/maize-yields,Auto-ingested from OWID grapher slug 'maize-yields' filtered to Entity=United States.
us_corn_yield,US corn yield,agriculture,physical-productivity,average,higher_better,tonnes per hectare,1959,3.332691,USDA/FAO via OWID,https://ourworldindata.org/grapher/maize-yields,Auto-ingested from OWID grapher slug 'maize-yields' filtered to Entity=United States.
us_corn_yield,US corn yield,agriculture,physical-productivity,average,higher_better,tonnes per hectare,1960,3.4331112,USDA/FAO via OWID,https://ourworldindata.org/grapher/maize-yields,Auto-ingested from OWID grapher slug 'maize-yields' filtered to Entity=United States.
us_corn_yield,US corn yield,agriculture,physical-productivity,average,higher_better,tonnes per hectare,1961,3.9163828,USDA/FAO via OWID,https://ourworldindata.org/grapher/maize-yields,Auto-ingested from OWID grapher slug 'maize-yields' filtered to Entity=United States.
us_corn_yield,US corn yield,agriculture,physical-productivity,average,higher_better,tonnes per hectare,1962,4.060736,USDA/FAO via OWID,https://ourworldindata.org/grapher/maize-yields,Auto-ingested from OWID grapher slug 'maize-yields' filtered to Entity=United States.
us_corn_yield,US corn yield,agriculture,physical-productivity,average,higher_better,tonnes per hectare,1963,4.2615767,USDA/FAO via OWID,https://ourworldindata.org/grapher/maize-yields,Auto-ingested from OWID grapher slug 'maize-yields' filtered to Entity=United States.
us_corn_yield,US corn yield,agriculture,physical-productivity,average,higher_better,tonnes per hectare,1964,3.9477642,USDA/FAO via OWID,https://ourworldindata.org/grapher/maize-yields,Auto-ingested from OWID grapher slug 'maize-yields' filtered to Entity=United States.
us_corn_yield,US corn yield,agriculture,physical-productivity,average,higher_better,tonnes per hectare,1965,4.6507044,USDA/FAO via OWID,https://ourworldindata.org/grapher/maize-yields,Auto-ingested from OWID grapher slug 'maize-yields' filtered to Entity=United States.
us_corn_yield,US corn yield,agriculture,physical-productivity,average,higher_better,tonnes per hectare,1966,4.5879416,USDA/FAO via OWID,https://ourworldindata.org/grapher/maize-yields,Auto-ingested from OWID grapher slug 'maize-yields' filtered to Entity=United States.
us_corn_yield,US corn yield,agriculture,physical-productivity,average,higher_better,tonnes per hectare,1967,5.02728,USDA/FAO via OWID,https://ourworldindata.org/grapher/maize-yields,Auto-ingested from OWID grapher slug 'maize-yields' filtered to Entity=United States.
us_corn_yield,US corn yield,agriculture,physical-productivity,average,higher_better,tonnes per hectare,1968,4.989622,USDA/FAO via OWID,https://ourworldindata.org/grapher/maize-yields,Auto-ingested from OWID grapher slug 'maize-yields' filtered to Entity=United States.
us_corn_yield,US corn yield,agriculture,physical-productivity,average,higher_better,tonnes per hectare,1969,5.3913026,USDA/FAO via OWID,https://ourworldindata.org/grapher/maize-yields,Auto-ingested from OWID grapher slug 'maize-yields' filtered to Entity=United States.
us_corn_yield,US corn yield,agriculture,physical-productivity,average,higher_better,tonnes per hectare,1970,4.5440083,USDA/FAO via OWID,https://ourworldindata.org/grapher/maize-yields,Auto-ingested from OWID grapher slug 'maize-yields' filtered to Entity=United States.
us_corn_yield,US corn yield,agriculture,physical-productivity,average,higher_better,tonnes per hectare,1971,5.52938,USDA/FAO via OWID,https://ourworldindata.org/grapher/maize-yields,Auto-ingested from OWID grapher slug 'maize-yields' filtered to Entity=United States.
us_corn_yield,US corn yield,agriculture,physical-productivity,average,higher_better,tonnes per hectare,1972,6.087967,USDA/FAO via OWID,https://ourworldindata.org/grapher/maize-yields,Auto-ingested from OWID grapher slug 'maize-yields' filtered to Entity=United States.
us_corn_yield,US corn yield,agriculture,physical-productivity,average,higher_better,tonnes per hectare,1973,5.7302203,USDA/FAO via OWID,https://ourworldindata.org/grapher/maize-yields,Auto-ingested from OWID grapher slug 'maize-yields' filtered to Entity=United States.
us_corn_yield,US corn yield,agriculture,physical-productivity,average,higher_better,tonnes per hectare,1974,4.512627,USDA/FAO via OWID,https://ourworldindata.org/grapher/maize-yields,Auto-ingested from OWID grapher slug 'maize-yields' filtered to Entity=United States.
us_corn_yield,US corn yield,agriculture,physical-productivity,average,higher_better,tonnes per hectare,1975,5.4226837,USDA/FAO via OWID,https://ourworldindata.org/grapher/maize-yields,Auto-ingested from OWID grapher slug 'maize-yields' filtered to Entity=United States.
us_corn_yield,US corn yield,agriculture,physical-productivity,average,higher_better,tonnes per hectare,1976,5.5231037,USDA/FAO via OWID,https://ourworldindata.org/grapher/maize-yields,Auto-ingested from OWID grapher slug 'maize-yields' filtered to Entity=United States.
us_corn_yield,US corn yield,agriculture,physical-productivity,average,higher_better,tonnes per hectare,1977,5.698839,USDA/FAO via OWID,https://ourworldindata.org/grapher/maize-yields,Auto-ingested from OWID grapher slug 'maize-yields' filtered to Entity=United States.
us_corn_yield,US corn yield,agriculture,physical-productivity,average,higher_better,tonnes per hectare,1978,6.339017,USDA/FAO via OWID,https://ourworldindata.org/grapher/maize-yields,Auto-ingested from OWID grapher slug 'maize-yields' filtered to Entity=United States.
us_corn_yield,US corn yield,agriculture,physical-productivity,average,higher_better,tonnes per hectare,1979,6.8724985,USDA/FAO via OWID,https://ourworldindata.org/grapher/maize-yields,Auto-ingested from OWID grapher slug 'maize-yields' filtered to Entity=United States.
us_corn_yield,US corn yield,agriculture,physical-productivity,average,higher_better,tonnes per hectare,1980,5.7113914,USDA/FAO via OWID,https://ourworldindata.org/grapher/maize-yields,Auto-ingested from OWID grapher slug 'maize-yields' filtered to Entity=United States.
us_corn_yield,US corn yield,agriculture,physical-productivity,average,higher_better,tonnes per hectare,1981,6.8348413,USDA/FAO via OWID,https://ourworldindata.org/grapher/maize-yields,Auto-ingested from OWID grapher slug 'maize-yields' filtered to Entity=United States.
us_corn_yield,US corn yield,agriculture,physical-productivity,average,higher_better,tonnes per hectare,1982,7.1047196,USDA/FAO via OWID,https://ourworldindata.org/grapher/maize-yields,Auto-ingested from OWID grapher slug 'maize-yields' filtered to Entity=United States.
us_corn_yield,US corn yield,agriculture,physical-productivity,average,higher_better,tonnes per hectare,1983,5.090042,USDA/FAO via OWID,https://ourworldindata.org/grapher/maize-yields,Auto-ingested from OWID grapher slug 'maize-yields' filtered to Entity=United States.
us_corn_yield,US corn yield,agriculture,physical-productivity,average,higher_better,tonnes per hectare,1984,6.696763,USDA/FAO via OWID,https://ourworldindata.org/grapher/maize-yields,Auto-ingested from OWID grapher slug 'maize-yields' filtered to Entity=United States.
us_corn_yield,US corn yield,agriculture,physical-productivity,average,higher_better,tonnes per hectare,1985,7.40598,USDA/FAO via OWID,https://ourworldindata.org/grapher/maize-yields,Auto-ingested from OWID grapher slug 'maize-yields' filtered to Entity=United States.
us_corn_yield,US corn yield,agriculture,physical-productivity,average,higher_better,tonnes per hectare,1986,7.493848,USDA/FAO via OWID,https://ourworldindata.org/grapher/maize-yields,Auto-ingested from OWID grapher slug 'maize-yields' filtered to Entity=United States.
us_corn_yield,US corn yield,agriculture,physical-productivity,average,higher_better,tonnes per hectare,1987,7.518953,USDA/FAO via OWID,https://ourworldindata.org/grapher/maize-yields,Auto-ingested from OWID grapher slug 'maize-yields' filtered to Entity=United States.
us_corn_yield,US corn yield,agriculture,physical-productivity,average,higher_better,tonnes per hectare,1988,5.309711,USDA/FAO via OWID,https://ourworldindata.org/grapher/maize-yields,Auto-ingested from OWID grapher slug 'maize-yields' filtered to Entity=United States.
us_corn_yield,US corn yield,agriculture,physical-productivity,average,higher_better,tonnes per hectare,1989,7.299284,USDA/FAO via OWID,https://ourworldindata.org/grapher/maize-yields,Auto-ingested from OWID grapher slug 'maize-yields' filtered to Entity=United States.
us_corn_yield,US corn yield,agriculture,physical-productivity,average,higher_better,tonnes per hectare,1990,7.4373612,USDA/FAO via OWID,https://ourworldindata.org/grapher/maize-yields,Auto-ingested from OWID grapher slug 'maize-yields' filtered to Entity=United States.
us_corn_yield,US corn yield,agriculture,physical-productivity,average,higher_better,tonnes per hectare,1991,6.816012,USDA/FAO via OWID,https://ourworldindata.org/grapher/maize-yields,Auto-ingested from OWID grapher slug 'maize-yields' filtered to Entity=United States.
us_corn_yield,US corn yield,agriculture,physical-productivity,average,higher_better,tonnes per hectare,1992,8.253275,USDA/FAO via OWID,https://ourworldindata.org/grapher/maize-yields,Auto-ingested from OWID grapher slug 'maize-yields' filtered to Entity=United States.
us_corn_yield,US corn yield,agriculture,physical-productivity,average,higher_better,tonnes per hectare,1993,6.320188,USDA/FAO via OWID,https://ourworldindata.org/grapher/maize-yields,Auto-ingested from OWID grapher slug 'maize-yields' filtered to Entity=United States.
us_corn_yield,US corn yield,agriculture,physical-productivity,average,higher_better,tonnes per hectare,1994,8.698889,USDA/FAO via OWID,https://ourworldindata.org/grapher/maize-yields,Auto-ingested from OWID grapher slug 'maize-yields' filtered to Entity=United States.
us_corn_yield,US corn yield,agriculture,physical-productivity,average,higher_better,tonnes per hectare,1995,7.1235485,USDA/FAO via OWID,https://ourworldindata.org/grapher/maize-yields,Auto-ingested from OWID grapher slug 'maize-yields' filtered to Entity=United States.
us_corn_yield,US corn yield,agriculture,physical-productivity,average,higher_better,tonnes per hectare,1996,7.977119,USDA/FAO via OWID,https://ourworldindata.org/grapher/maize-yields,Auto-ingested from OWID grapher slug 'maize-yields' filtered to Entity=United States.
us_corn_yield,US corn yield,agriculture,physical-productivity,average,higher_better,tonnes per hectare,1997,7.952014,USDA/FAO via OWID,https://ourworldindata.org/grapher/maize-yields,Auto-ingested from OWID grapher slug 'maize-yields' filtered to Entity=United States.
us_corn_yield,US corn yield,agriculture,physical-productivity,average,higher_better,tonnes per hectare,1998,8.435286,USDA/FAO via OWID,https://ourworldindata.org/grapher/maize-yields,Auto-ingested from OWID grapher slug 'maize-yields' filtered to Entity=United States.
us_corn_yield,US corn yield,agriculture,physical-productivity,average,higher_better,tonnes per hectare,1999,8.397629,USDA/FAO via OWID,https://ourworldindata.org/grapher/maize-yields,Auto-ingested from OWID grapher slug 'maize-yields' filtered to Entity=United States.
us_corn_yield,US corn yield,agriculture,physical-productivity,average,higher_better,tonnes per hectare,2000,8.592192,USDA/FAO via OWID,https://ourworldindata.org/grapher/maize-yields,Auto-ingested from OWID grapher slug 'maize-yields' filtered to Entity=United States.
us_corn_yield,US corn yield,agriculture,physical-productivity,average,higher_better,tonnes per hectare,2001,8.673783,USDA/FAO via OWID,https://ourworldindata.org/grapher/maize-yields,Auto-ingested from OWID grapher slug 'maize-yields' filtered to Entity=United States.
us_corn_yield,US corn yield,agriculture,physical-productivity,average,higher_better,tonnes per hectare,2002,8.115197,USDA/FAO via OWID,https://ourworldindata.org/grapher/maize-yields,Auto-ingested from OWID grapher slug 'maize-yields' filtered to Entity=United States.
us_corn_yield,US corn yield,agriculture,physical-productivity,average,higher_better,tonnes per hectare,2003,8.924833,USDA/FAO via OWID,https://ourworldindata.org/grapher/maize-yields,Auto-ingested from OWID grapher slug 'maize-yields' filtered to Entity=United States.
us_corn_yield,US corn yield,agriculture,physical-productivity,average,higher_better,tonnes per hectare,2004,10.060836,USDA/FAO via OWID,https://ourworldindata.org/grapher/maize-yields,Auto-ingested from OWID grapher slug 'maize-yields' filtered to Entity=United States.
us_corn_yield,US corn yield,agriculture,physical-productivity,average,higher_better,tonnes per hectare,2005,9.282579,USDA/FAO via OWID,https://ourworldindata.org/grapher/maize-yields,Auto-ingested from OWID grapher slug 'maize-yields' filtered to Entity=United States.
us_corn_yield,US corn yield,agriculture,physical-productivity,average,higher_better,tonnes per hectare,2006,9.357896,USDA/FAO via OWID,https://ourworldindata.org/grapher/maize-yields,Auto-ingested from OWID grapher slug 'maize-yields' filtered to Entity=United States.
us_corn_yield,US corn yield,agriculture,physical-productivity,average,higher_better,tonnes per hectare,2007,9.458315,USDA/FAO via OWID,https://ourworldindata.org/grapher/maize-yields,Auto-ingested from OWID grapher slug 'maize-yields' filtered to Entity=United States.
us_corn_yield,US corn yield,agriculture,physical-productivity,average,higher_better,tonnes per hectare,2008,9.621498,USDA/FAO via OWID,https://ourworldindata.org/grapher/maize-yields,Auto-ingested from OWID grapher slug 'maize-yields' filtered to Entity=United States.
us_corn_yield,US corn yield,agriculture,physical-productivity,average,higher_better,tonnes per hectare,2009,10.318162,USDA/FAO via OWID,https://ourworldindata.org/grapher/maize-yields,Auto-ingested from OWID grapher slug 'maize-yields' filtered to Entity=United States.
us_corn_yield,US corn yield,agriculture,physical-productivity,average,higher_better,tonnes per hectare,2010,9.577564,USDA/FAO via OWID,https://ourworldindata.org/grapher/maize-yields,Auto-ingested from OWID grapher slug 'maize-yields' filtered to Entity=United States.
us_corn_yield,US corn yield,agriculture,physical-productivity,average,higher_better,tonnes per hectare,2011,9.213542,USDA/FAO via OWID,https://ourworldindata.org/grapher/maize-yields,Auto-ingested from OWID grapher slug 'maize-yields' filtered to Entity=United States.
us_corn_yield,US corn yield,agriculture,physical-productivity,average,higher_better,tonnes per hectare,2012,7.726069,USDA/FAO via OWID,https://ourworldindata.org/grapher/maize-yields,Auto-ingested from OWID grapher slug 'maize-yields' filtered to Entity=United States.
us_corn_yield,US corn yield,agriculture,physical-productivity,average,higher_better,tonnes per hectare,2013,9.922758,USDA/FAO via OWID,https://ourworldindata.org/grapher/maize-yields,Auto-ingested from OWID grapher slug 'maize-yields' filtered to Entity=United States.
us_corn_yield,US corn yield,agriculture,physical-productivity,average,higher_better,tonnes per hectare,2014,10.732395,USDA/FAO via OWID,https://ourworldindata.org/grapher/maize-yields,Auto-ingested from OWID grapher slug 'maize-yields' filtered to Entity=United States.
us_corn_yield,US corn yield,agriculture,physical-productivity,average,higher_better,tonnes per hectare,2015,10.569212,USDA/FAO via OWID,https://ourworldindata.org/grapher/maize-yields,Auto-ingested from OWID grapher slug 'maize-yields' filtered to Entity=United States.
us_corn_yield,US corn yield,agriculture,physical-productivity,average,higher_better,tonnes per hectare,2016,10.958341,USDA/FAO via OWID,https://ourworldindata.org/grapher/maize-yields,Auto-ingested from OWID grapher slug 'maize-yields' filtered to Entity=United States.
us_corn_yield,US corn yield,agriculture,physical-productivity,average,higher_better,tonnes per hectare,2017,11.083865,USDA/FAO via OWID,https://ourworldindata.org/grapher/maize-yields,Auto-ingested from OWID grapher slug 'maize-yields' filtered to Entity=United States.
us_corn_yield,US corn yield,agriculture,physical-productivity,average,higher_better,tonnes per hectare,2018,11.071312,USDA/FAO via OWID,https://ourworldindata.org/grapher/maize-yields,Auto-ingested from OWID grapher slug 'maize-yields' filtered to Entity=United States.
us_corn_yield,US corn yield,agriculture,physical-productivity,average,higher_better,tonnes per hectare,2019,10.512726,USDA/FAO via OWID,https://ourworldindata.org/grapher/maize-yields,Auto-ingested from OWID grapher slug 'maize-yields' filtered to Entity=United States.
us_corn_yield,US corn yield,agriculture,physical-productivity,average,higher_better,tonnes per hectare,2020,10.7575,USDA/FAO via OWID,https://ourworldindata.org/grapher/maize-yields,Auto-ingested from OWID grapher slug 'maize-yields' filtered to Entity=United States.
us_corn_yield,US corn yield,agriculture,physical-productivity,average,higher_better,tonnes per hectare,2021,11.090141,USDA/FAO via OWID,https://ourworldindata.org/grapher/maize-yields,Auto-ingested from OWID grapher slug 'maize-yields' filtered to Entity=United States.
us_corn_yield,US corn yield,agriculture,physical-productivity,average,higher_better,tonnes per hectare,2022,10.883024,USDA/FAO via OWID,https://ourworldindata.org/grapher/maize-yields,Auto-ingested from OWID grapher slug 'maize-yields' filtered to Entity=United States.
us_corn_yield,US corn yield,agriculture,physical-productivity,average,higher_better,tonnes per hectare,2023,11.127799,USDA/FAO via OWID,https://ourworldindata.org/grapher/maize-yields,Auto-ingested from OWID grapher slug 'maize-yields' filtered to Entity=United States.
us_corn_yield,US corn yield,agriculture,physical-productivity,average,higher_better,tonnes per hectare,2024,11.2533245,USDA/FAO via OWID,https://ourworldindata.org/grapher/maize-yields,Auto-ingested from OWID grapher slug 'maize-yields' filtered to Entity=United States.
matrix_multiplication_exponent,Matrix multiplication exponent omega,optimization-algorithms,algorithmic-speed,frontier,lower_better,exponent,1969,2.8074,Wikipedia,https://en.wikipedia.org/wiki/Computational_complexity_of_matrix_multiplication,Timeline values from the matrix multiplication exponent section.
matrix_multiplication_exponent,Matrix multiplication exponent omega,optimization-algorithms,algorithmic-speed,frontier,lower_better,exponent,1978,2.796,Wikipedia,https://en.wikipedia.org/wiki/Computational_complexity_of_matrix_multiplication,Timeline values from the matrix multiplication exponent section.
matrix_multiplication_exponent,Matrix multiplication exponent omega,optimization-algorithms,algorithmic-speed,frontier,lower_better,exponent,1990,2.3755,Wikipedia,https://en.wikipedia.org/wiki/Computational_complexity_of_matrix_multiplication,Timeline values from the matrix multiplication exponent section.
matrix_multiplication_exponent,Matrix multiplication exponent omega,optimization-algorithms,algorithmic-speed,frontier,lower_better,exponent,2010,2.3737,Wikipedia,https://en.wikipedia.org/wiki/Computational_complexity_of_matrix_multiplication,Timeline values from the matrix multiplication exponent section.
matrix_multiplication_exponent,Matrix multiplication exponent omega,optimization-algorithms,algorithmic-speed,frontier,lower_better,exponent,2012,2.3729,Wikipedia,https://en.wikipedia.org/wiki/Computational_complexity_of_matrix_multiplication,Timeline values from the matrix multiplication exponent section.
matrix_multiplication_exponent,Matrix multiplication exponent omega,optimization-algorithms,algorithmic-speed,frontier,lower_better,exponent,2014,2.3728639,Wikipedia,https://en.wikipedia.org/wiki/Computational_complexity_of_matrix_multiplication,Timeline values from the matrix multiplication exponent section.
matrix_multiplication_exponent,Matrix multiplication exponent omega,optimization-algorithms,algorithmic-speed,frontier,lower_better,exponent,2020,2.3728596,Wikipedia,https://en.wikipedia.org/wiki/Computational_complexity_of_matrix_multiplication,Timeline values from the matrix multiplication exponent section.
matrix_multiplication_exponent,Matrix multiplication exponent omega,optimization-algorithms,algorithmic-speed,frontier,lower_better,exponent,2022,2.371866,Wikipedia,https://en.wikipedia.org/wiki/Computational_complexity_of_matrix_multiplication,Timeline values from the matrix multiplication exponent section.
matrix_multiplication_exponent,Matrix multiplication exponent omega,optimization-algorithms,algorithmic-speed,frontier,lower_better,exponent,2024,2.371339,Wikipedia,https://en.wikipedia.org/wiki/Computational_complexity_of_matrix_multiplication,Timeline values from the matrix multiplication exponent section.

hutter_enwik8_total_size,Hutter Prize total compressed size enwik8,optimization-compression,compression-efficiency,frontier,lower_better,bytes,2005,18324887,Hutter Prize,https://www.hutter1.net/prize/index.htm,Historical baseline from pre-prize entry.
hutter_enwik8_total_size,Hutter Prize total compressed size enwik8,optimization-compression,compression-efficiency,frontier,lower_better,bytes,2006,17073018,Hutter Prize,https://www.hutter1.net/prize/index.htm,Winner total size reported on prize history table.
hutter_enwik8_total_size,Hutter Prize total compressed size enwik8,optimization-compression,compression-efficiency,frontier,lower_better,bytes,2007,16481655,Hutter Prize,https://www.hutter1.net/prize/index.htm,Winner total size reported on prize history table.
hutter_enwik8_total_size,Hutter Prize total compressed size enwik8,optimization-compression,compression-efficiency,frontier,lower_better,bytes,2009,15949688,Hutter Prize,https://www.hutter1.net/prize/index.htm,Winner total size reported on prize history table.
hutter_enwik8_total_size,Hutter Prize total compressed size enwik8,optimization-compression,compression-efficiency,frontier,lower_better,bytes,2017,15284944,Hutter Prize,https://www.hutter1.net/prize/index.htm,Winner total size reported on prize history table.

hutter_enwik9_total_size,Hutter Prize total compressed size enwik9,optimization-compression,compression-efficiency,frontier,lower_better,bytes,2019,116673681,Hutter Prize,https://www.hutter1.net/prize/index.htm,Winner total size reported on prize history table.
hutter_enwik9_total_size,Hutter Prize total compressed size enwik9,optimization-compression,compression-efficiency,frontier,lower_better,bytes,2021,115352938,Hutter Prize,https://www.hutter1.net/prize/index.htm,Winner total size reported on prize history table.
hutter_enwik9_total_size,Hutter Prize total compressed size enwik9,optimization-compression,compression-efficiency,frontier,lower_better,bytes,2023,114156155,Hutter Prize,https://www.hutter1.net/prize/index.htm,Winner total size reported on prize history table.
hutter_enwik9_total_size,Hutter Prize total compressed size enwik9,optimization-compression,compression-efficiency,frontier,lower_better,bytes,2024,110793128,Hutter Prize,https://www.hutter1.net/prize/index.htm,Winner total size reported on prize history table.

wifi_peak_spectral_efficiency,Wi-Fi peak spectral efficiency,communications-channel,channel-efficiency,frontier,higher_better,bits per second per Hz,1999,0.55,Wikipedia,https://en.wikipedia.org/wiki/IEEE_802.11,Computed as max PHY data rate divided by nominal channel width for representative 802.11 generations.
wifi_peak_spectral_efficiency,Wi-Fi peak spectral efficiency,communications-channel,channel-efficiency,frontier,higher_better,bits per second per Hz,2003,2.7,Wikipedia,https://en.wikipedia.org/wiki/IEEE_802.11,Computed as max PHY data rate divided by nominal channel width for representative 802.11 generations.
wifi_peak_spectral_efficiency,Wi-Fi peak spectral efficiency,communications-channel,channel-efficiency,frontier,higher_better,bits per second per Hz,2009,15,Wikipedia,https://en.wikipedia.org/wiki/IEEE_802.11,Computed as max PHY data rate divided by nominal channel width for representative 802.11 generations.
wifi_peak_spectral_efficiency,Wi-Fi peak spectral efficiency,communications-channel,channel-efficiency,frontier,higher_better,bits per second per Hz,2013,43.125,Wikipedia,https://en.wikipedia.org/wiki/IEEE_802.11,Computed as max PHY data rate divided by nominal channel width for representative 802.11 generations.
wifi_peak_spectral_efficiency,Wi-Fi peak spectral efficiency,communications-channel,channel-efficiency,frontier,higher_better,bits per second per Hz,2019,60,Wikipedia,https://en.wikipedia.org/wiki/IEEE_802.11,Computed as max PHY data rate divided by nominal channel width for representative 802.11 generations.
